n,Unnamed: 0,Country,Track_Name,Artist_Name,Album_Name,Popularity,Date,Markets,Danceability,Acousticness,duration,Energy,Speechiness,Tempo,Positiveness
0,50,DEU,Liebe Gr√ºsse,RAF Camora,Liebe Gr√ºsse,80,2023-10-27,AR,0.796,0.179,136988,0.865,0.0801,130.012,0.768
1,51,DEU,Si No Est√°s,i√±igo quintero,Si No Est√°s,99,2022-09-23,AR,0.537,0.827,184061,0.421,0.0285,98.224,0.524
2,52,DEU,Vois sur ton chemin - Techno Mix,BENNETT,Vois sur ton chemin (Techno Mix),91,2023-08-04,AR,0.634,0.0908,178156,0.824,0.047,137.959,0.371
3,53,DEU,Blonde Chaya - Sped up,Amaru,Blonde Chaya (Sped up),80,2023-09-08,AR,0.717,0.297,181053,0.804,0.144,170.926,0.832
4,54,DEU,2 Germans (feat. Gzuz),Luciano,2 Germans (feat. Gzuz),77,2023-10-26,AR,0.776,0.0283,149444,0.714,0.335,161.015,0.433
5,55,DEU,greedy,Tate McRae,greedy,100,2023-09-15,AR,0.75,0.256,131872,0.733,0.0319,111.018,0.844
6,56,DEU,Prada,cass√∂,Prada,94,2023-08-11,AR,0.638,0.001,132359,0.717,0.0375,141.904,0.422
7,57,DEU,Strangers,Kenya Grace,Strangers,98,2023-09-01,AR,0.628,0.701,172965,0.523,0.0946,169.982,0.416
8,58,DEU,H√§sslich,AYLIVA,Schwarzes Herz,82,2023-08-25,AR,0.914,0.12,136360,0.489,0.0858,108.072,0.559
9,59,DEU,14 PASSENGER,reezy,NUR DAMIT DU WEISST,79,2023-10-20,AR,0.815,0.0987,146040,0.666,0.109,119.964,0.533
10,60,DEU,Ms. Jackson,Pashanim,Ms. Jackson,82,2023-08-24,AR,0.774,0.163,147587,0.7,0.266,81.99,0.624
11,61,DEU,9 bis 9,SIRA,9 bis 9,82,2023-05-05,AR,0.767,0.364,131524,0.539,0.0629,128.055,0.368
12,62,DEU,Paint The Town Red,Doja Cat,Scarlet,89,2023-09-20,AR,0.864,0.255,230480,0.556,0.194,99.974,0.726
13,63,DEU,M√§dchen auf dem Pferd,Luca-Dante Spadafora,M√§dchen auf dem Pferd,81,2023-05-12,AR,0.837,0.108,157059,0.944,0.352,169.975,0.681
14,64,DEU,2003,Liaze,2003,76,2023-10-20,AR,0.748,0.736,136280,0.551,0.0458,107.933,0.626
15,65,DEU,Komet,Udo Lindenberg,Komet,80,2023-01-19,AR,0.55,0.285,167357,0.5,0.045,115.016,0.351
16,66,DEU,Feuer Wasser Sturm,Niclov,Feuer Wasser Sturm,79,2023-08-25,AR,0.822,0.443,136552,0.74,0.0739,145.066,0.454
17,67,DEU,WE THE HOTTEST IN HERE,reezy,WE THE HOTTEST IN HERE,71,2023-10-27,AR,0.819,0.111,118000,0.521,0.113,121.0,0.599
18,68,DEU,ANGST>LIEBE,Ellice,ANGST>LIEBE,75,2023-10-13,AR,0.735,0.459,179385,0.46,0.228,119.949,0.294
19,69,DEU,Wei√ües Haus,AYLIVA,Schwarzes Herz,76,2023-08-25,AR,0.626,0.506,168147,0.435,0.336,82.839,0.521
20,70,DEU,Wenn du l√§chelst,Milano,Wenn du l√§chelst,73,2023-10-23,AR,0.693,0.348,123887,0.535,0.0579,98.092,0.442
21,71,DEU,EWIGKEIT - REMIX,erob√©,EWIGKEIT (REMIX),79,2023-06-23,AR,0.715,0.0272,137647,0.845,0.137,170.028,0.647
22,72,DEU,Is It Over Now? (Taylor's Version) (From The Vault),Taylor Swift,1989 (Taylor's Version),93,2023-10-26,AR,0.596,0.0504,229478,0.658,0.036,100.012,0.176
23,73,DEU,Enchant√©,Sosa La M,Enchant√©,78,2023-09-15,AR,0.828,0.0794,96638,0.438,0.193,107.089,0.619
24,74,DEU,Take it,Jazeek,Take it,77,2023-09-22,AR,0.739,0.0262,172105,0.668,0.0471,114.045,0.579
25,75,DEU,LiEBE AUF DER R√úCKBANK,FiNCH,DORFDiSKO ZWEi,74,2023-06-01,AR,0.692,0.267,188520,0.732,0.145,154.881,0.628
26,76,DEU,Water,Tyla,Water,95,2023-07-28,AR,0.673,0.0856,200256,0.722,0.0755,117.187,0.519
27,77,DEU,Meine 1,1986zig,Meine 1,74,2023-10-13,AR,0.629,0.0429,184827,0.858,0.0509,149.654,0.693
28,78,DEU,Scheine z√§hlen,AYLIVA,Schwarzes Herz,78,2023-08-25,AR,0.49,0.747,167947,0.379,0.0318,77.928,0.236
29,79,DEU,S u m m e r t i m e,danicpeepner,S u m m e r t i m e,55,2015-06-08,AR,0.706,0.299,195500,0.505,0.0505,132.58,0.227
30,80,DEU,Lass mich gehen,AYLIVA,Schwarzes Herz,78,2023-08-25,AR,0.38,0.114,157160,0.545,0.0451,178.182,0.302
31,81,DEU,Cold Princess,Luciano,Cold Princess,76,2023-10-12,AR,0.87,0.00852,153600,0.626,0.394,125.024,0.812
32,82,DEU,Not Fair,Niklas Dee,Not Fair,59,2023-06-30,US,0.733,0.0294,163034,0.976,0.045,144.989,0.523
33,83,DEU,Ich will nur dass du wei√üt - IIVEN Remix,SDP,Ich will nur dass du wei√üt (IIVEN Remix),77,2023-07-27,AR,0.549,0.0355,156387,0.869,0.323,155.116,0.511
34,84,DEU,Cruel Summer,Taylor Swift,Lover,99,2019-08-23,AR,0.552,0.117,178427,0.702,0.157,169.994,0.564
35,85,DEU,Daylight,David Kushner,Daylight,95,2023-04-14,AR,0.508,0.83,212954,0.43,0.0335,130.09,0.324
36,86,DEU,Cynical,twocolors,Cynical,82,2023-06-30,AR,0.69,0.0268,191365,0.84,0.0573,129.935,0.493
37,87,DEU,Push Up - Main Edit,Creeds,Push Up (Main Edit),85,2023-03-31,AR,0.767,0.209,139300,0.83,0.206,75.023,0.187
"38,88,DEU,""Dance For Me (1, 2, 3) - Stutter Techno"",Sonny Wern,""Dance For Me (1, 2, 3) [Stutter Techno]"",67,2023-10-06,AD,0.706,0.0505,147895,0.975,0.0651,154.993,0.319"
39,89,DEU,Say Don't Go (Taylor's Version) (From The Vault),Taylor Swift,1989 (Taylor's Version),90,2023-10-26,AR,0.626,0.0656,279833,0.547,0.0342,109.946,0.192
40,90,DEU,Komm mit,badm√≥mzjay,Komm mit,69,2023-10-26,AR,0.893,0.0643,159673,0.657,0.0891,109.978,0.417
41,91,DEU,Now That We Don't Talk (Taylor's Version) (From The Vault),Taylor Swift,1989 (Taylor's Version),91,2023-10-26,AR,0.793,0.186,146437,0.512,0.0338,109.994,0.0662
"42,92,DEU,""""""Slut!"""" (Taylor's Version) (From The Vault)"",Taylor Swift,1989 (Taylor's Version),91,2023-10-26,AR,0.629,0.345,180381,0.413,0.055,77.983,0.306"
43,93,DEU,Weiche Kissen,Kontra K,Weiche Kissen,43,2023-10-19,AR,0.751,0.12,180173,0.641,0.312,139.92,0.563
44,94,DEU,Airplanes,badm√≥mzjay,Airplanes,76,2023-09-07,AR,0.743,0.0861,146368,0.606,0.161,93.123,0.292
45,95,DEU,TABU.,Yung Yury,TABU.,77,2023-03-17,AR,0.667,0.219,135302,0.702,0.169,148.978,0.479
46,96,DEU,KETAMIN,YAKARY,KETAMIN,75,2023-06-16,AR,0.601,0.0796,172246,0.769,0.394,86.891,0.527
47,97,DEU,MAXIMUM RIZZ,Ski Aggu,denk mal dr√ºber nach...,72,2023-10-12,AR,0.726,0.016,147960,0.856,0.158,75.016,0.951
48,98,DEU,In deinen Armen,AYLIVA,Schwarzes Herz,75,2023-08-25,AR,0.651,0.135,141318,0.591,0.0389,125.036,0.159
49,99,DEU,Another Love,Tom Odell,Long Way Down (Deluxe),92,2013-06-24,AR,0.445,0.695,244360,0.537,0.04,122.769,0.131
50,250,AUT,Liebe Gr√ºsse,RAF Camora,Liebe Gr√ºsse,80,2023-10-27,AR,0.796,0.179,136988,0.865,0.0801,130.012,0.768
51,251,AUT,Si No Est√°s,i√±igo quintero,Si No Est√°s,99,2022-09-23,AR,0.537,0.827,184061,0.421,0.0285,98.224,0.524
52,252,AUT,Blonde Chaya - Sped up,Amaru,Blonde Chaya (Sped up),80,2023-09-08,AR,0.717,0.297,181053,0.804,0.144,170.926,0.832
53,253,AUT,greedy,Tate McRae,greedy,100,2023-09-15,AR,0.75,0.256,131872,0.733,0.0319,111.018,0.844
54,254,AUT,Strangers,Kenya Grace,Strangers,98,2023-09-01,AR,0.628,0.701,172965,0.523,0.0946,169.982,0.416
55,255,AUT,Vois sur ton chemin - Techno Mix,BENNETT,Vois sur ton chemin (Techno Mix),91,2023-08-04,AR,0.634,0.0908,178156,0.824,0.047,137.959,0.371
56,256,AUT,Prada,cass√∂,Prada,94,2023-08-11,AR,0.638,0.001,132359,0.717,0.0375,141.904,0.422
57,257,AUT,Ms. Jackson,Pashanim,Ms. Jackson,82,2023-08-24,AR,0.774,0.163,147587,0.7,0.266,81.99,0.624
58,258,AUT,Paint The Town Red,Doja Cat,Scarlet,89,2023-09-20,AR,0.864,0.255,230480,0.556,0.194,99.974,0.726
59,259,AUT,M√§dchen auf dem Pferd,Luca-Dante Spadafora,M√§dchen auf dem Pferd,81,2023-05-12,AR,0.837,0.108,157059,0.944,0.352,169.975,0.681
60,260,AUT,By My Side,Solven,By My Side,49,2023-11-03,AR,0.658,0.0494,144390,0.845,0.0584,123.125,0.157
61,261,AUT,H√§sslich,AYLIVA,Schwarzes Herz,82,2023-08-25,AR,0.914,0.12,136360,0.489,0.0858,108.072,0.559
62,262,AUT,9 bis 9,SIRA,9 bis 9,82,2023-05-05,AR,0.767,0.364,131524,0.539,0.0629,128.055,0.368
63,263,AUT,2 Germans (feat. Gzuz),Luciano,2 Germans (feat. Gzuz),77,2023-10-26,AR,0.776,0.0283,149444,0.714,0.335,161.015,0.433
64,264,AUT,Another Love,Tom Odell,Long Way Down (Deluxe),92,2013-06-24,AR,0.445,0.695,244360,0.537,0.04,122.769,0.131
65,265,AUT,fix net normal,AUT of ORDA,fix net normal,57,2023-10-20,AR,0.561,0.156,185294,0.75,0.0559,152.933,0.713
66,266,AUT,Komet,Udo Lindenberg,Komet,80,2023-01-19,AR,0.55,0.285,167357,0.5,0.045,115.016,0.351
67,267,AUT,ITALODISCO,The Kolors,ITALODISCO,83,2023-05-05,AR,0.885,0.00318,199512,0.579,0.0596,123.038,0.817
68,268,AUT,14 PASSENGER,reezy,NUR DAMIT DU WEISST,79,2023-10-20,AR,0.815,0.0987,146040,0.666,0.109,119.964,0.533
69,269,AUT,ANGST>LIEBE,Ellice,ANGST>LIEBE,75,2023-10-13,AR,0.735,0.459,179385,0.46,0.228,119.949,0.294
70,270,AUT,Feuer Wasser Sturm,Niclov,Feuer Wasser Sturm,79,2023-08-25,AR,0.822,0.443,136552,0.74,0.0739,145.066,0.454
71,271,AUT,Daylight,David Kushner,Daylight,95,2023-04-14,AR,0.508,0.83,212954,0.43,0.0335,130.09,0.324
72,272,AUT,Is It Over Now? (Taylor's Version) (From The Vault),Taylor Swift,1989 (Taylor's Version),93,2023-10-26,AR,0.596,0.0504,229478,0.658,0.036,100.012,0.176
73,273,AUT,Not Fair,Niklas Dee,Not Fair,59,2023-06-30,US,0.733,0.0294,163034,0.976,0.045,144.989,0.523
74,274,AUT,vampire,Olivia Rodrigo,GUTS,95,2023-09-08,AR,0.511,0.177,219724,0.532,0.0578,138.005,0.35
75,275,AUT,Cruel Summer,Taylor Swift,Lover,99,2019-08-23,AR,0.552,0.117,178427,0.702,0.157,169.994,0.564
76,276,AUT,Last Christmas - Single Version,Wham!,The Singles: Echoes from the Edge of Heaven,70,2023-07-07,AR,0.733,0.212,265960,0.598,0.0278,107.732,0.935
77,277,AUT,All I Want for Christmas Is You,Mariah Carey,Merry Christmas,86,1994-10-28,AR,0.336,0.164,241107,0.627,0.0384,150.273,0.35
78,278,AUT,Now And Then,The Beatles,Now And Then,84,2023-11-02,AR,0.442,0.238,248333,0.605,0.0284,87.194,0.358
79,279,AUT,The Night We Met,Lord Huron,Strange Trails,83,2015-04-07,CA,0.545,0.969,208212,0.366,0.0378,86.997,0.1
80,280,AUT,In der Nacht,01099,Blaue Stunden,67,2023-11-03,AR,0.897,0.417,179154,0.566,0.039,120.05,0.36
81,281,AUT,ARKHAM ASYLUM,Capital Bra,ARKHAM ASYLUM,68,2023-11-02,AR,0.546,0.481,248000,0.679,0.539,92.656,0.525
82,282,AUT,Crash Dummy,BHZ,Crash Dummy,66,2023-11-03,AR,0.622,0.0502,172137,0.715,0.088,147.106,0.306
83,283,AUT,Wei√ües Haus,AYLIVA,Schwarzes Herz,76,2023-08-25,AR,0.626,0.506,168147,0.435,0.336,82.839,0.521
84,284,AUT,EWIGKEIT - REMIX,erob√©,EWIGKEIT (REMIX),79,2023-06-23,AR,0.715,0.0272,137647,0.845,0.137,170.028,0.647
85,285,AUT,Take it,Jazeek,Take it,77,2023-09-22,AR,0.739,0.0262,172105,0.668,0.0471,114.045,0.579
86,286,AUT,Wenn du l√§chelst,Milano,Wenn du l√§chelst,73,2023-10-23,AR,0.693,0.348,123887,0.535,0.0579,98.092,0.442
87,287,AUT,Mockingbird,Eminem,Encore (Deluxe Version),90,2004-11-12,AR,0.637,0.209,250760,0.678,0.266,84.039,0.254
88,288,AUT,LiEBE AUF DER R√úCKBANK,FiNCH,DORFDiSKO ZWEi,74,2023-06-01,AR,0.692,0.267,188520,0.732,0.145,154.881,0.628
89,289,AUT,Anders,01099,Blaue Stunden,58,2023-11-03,AR,0.743,0.527,155021,0.809,0.214,75.035,0.342
90,290,AUT,Scheine z√§hlen,AYLIVA,Schwarzes Herz,78,2023-08-25,AR,0.49,0.747,167947,0.379,0.0318,77.928,0.236
91,291,AUT,Water,Tyla,Water,95,2023-07-28,AR,0.673,0.0856,200256,0.722,0.0755,117.187,0.519
92,292,AUT,TABU.,Yung Yury,TABU.,77,2023-03-17,AR,0.667,0.219,135302,0.702,0.169,148.978,0.479
93,293,AUT,Sprinter,Dave,Sprinter,93,2023-06-01,AR,0.916,0.186,226383,0.583,0.241,141.095,0.661
94,294,AUT,ecstacy (slowed),SUICIDAL-IDOL,ecstacy (slowed),90,2023-06-06,AR,0.551,0.0173,119120,0.677,0.0665,106.414,0.195
95,295,AUT,Push Up - Main Edit,Creeds,Push Up (Main Edit),85,2023-03-31,AR,0.767,0.209,139300,0.83,0.206,75.023,0.187
96,296,AUT,My Love Mine All Mine,Mitski,The Land Is Inhospitable and So Are We,97,2023-09-15,AR,0.504,0.868,137773,0.308,0.0321,113.95,0.121
97,297,AUT,fukumean,Gunna,a Gift & a Curse,95,2023-06-16,AR,0.847,0.119,125040,0.622,0.0903,130.001,0.22
98,298,AUT,Can't Hold Us (feat. Ray Dalton),Macklemore & Ryan Lewis,The Heist,87,2012-10-09,AR,0.633,0.0267,258432,0.927,0.0839,146.097,0.88
99,299,AUT,On Fire üî•,Bonez MC,LOVELINE EP üíî,67,2023-11-02,AR,0.74,0.64,165834,0.469,0.157,141.998,0.657
100,450,BEL,Si No Est√°s,i√±igo quintero,Si No Est√°s,99,2022-09-23,AR,0.537,0.827,184061,0.421,0.0285,98.224,0.524
101,451,BEL,Prada,cass√∂,Prada,94,2023-08-11,AR,0.638,0.001,132359,0.717,0.0375,141.904,0.422
102,452,BEL,greedy,Tate McRae,greedy,100,2023-09-15,AR,0.75,0.256,131872,0.733,0.0319,111.018,0.844
103,453,BEL,Vois sur ton chemin - Techno Mix,BENNETT,Vois sur ton chemin (Techno Mix),91,2023-08-04,AR,0.634,0.0908,178156,0.824,0.047,137.959,0.371
104,454,BEL,Strangers,Kenya Grace,Strangers,98,2023-09-01,AR,0.628,0.701,172965,0.523,0.0946,169.982,0.416
105,455,BEL,Paint The Town Red,Doja Cat,Scarlet,89,2023-09-20,AR,0.864,0.255,230480,0.556,0.194,99.974,0.726
106,456,BEL,Daylight,David Kushner,Daylight,95,2023-04-14,AR,0.508,0.83,212954,0.43,0.0335,130.09,0.324
107,457,BEL,Water,Tyla,Water,95,2023-07-28,AR,0.673,0.0856,200256,0.722,0.0755,117.187,0.519
108,458,BEL,Another Love,Tom Odell,Long Way Down (Deluxe),92,2013-06-24,AR,0.445,0.695,244360,0.537,0.04,122.769,0.131
109,459,BEL,Eigen Schuld,Metejoor,Joris,57,2023-09-29,AR,0.663,0.764,193600,0.415,0.0314,137.964,0.407
110,460,BEL,Petit g√©nie,Jungeli,Petit g√©nie,15,2023-08-04,AR,0.794,0.103,217260,0.578,0.25,126.032,0.967
111,461,BEL,Casanova,Soolking,Casanova,86,2023-07-06,AR,0.801,0.677,189091,0.832,0.208,132.044,0.758
112,462,BEL,Desire (with Sam Smith),Calvin Harris,Desire (with Sam Smith),87,2023-07-28,AR,0.587,0.0311,179162,0.924,0.0457,140.009,0.509
"113,463,BEL,""What Was I Made For? [From The Motion Picture """"Barbie""""]"",Billie Eilish,""What Was I Made For? [From The Motion Picture """"Barbie""""]"",95,2023-07-13,AR,0.444,0.959,222370,0.0911,0.0307,78.403,0.142"
114,464,BEL,Tattoo,Loreen,Tattoo,89,2023-02-25,AR,0.545,0.243,183375,0.779,0.0751,150.002,0.303
115,465,BEL,Dance The Night - From Barbie The Album,Dua Lipa,Dance The Night (From Barbie The Album),94,2023-05-25,AR,0.671,0.0207,176579,0.845,0.048,110.056,0.775
116,466,BEL,(It Goes Like) Nanana - Edit,Peggy Gou,(It Goes Like) Nanana [Edit],91,2023-06-15,AR,0.671,0.12,231545,0.876,0.0352,129.998,0.964
117,467,BEL,Not Fair,Niklas Dee,Not Fair,59,2023-06-30,US,0.733,0.0294,163034,0.976,0.045,144.989,0.523
118,468,BEL,FLASHBACK,Fav√©,IL LE FALLAIT,69,2023-10-13,AR,0.762,0.39,176120,0.564,0.088,141.938,0.744
119,469,BEL,Cruel Summer,Taylor Swift,Lover,99,2019-08-23,AR,0.552,0.117,178427,0.702,0.157,169.994,0.564
120,470,BEL,Lose Control,Teddy Swims,I've Tried Everything But Therapy (Part 1),80,2023-09-15,AR,0.561,0.199,210689,0.604,0.0337,159.92,0.242
121,471,BEL,vampire,Olivia Rodrigo,GUTS,95,2023-09-08,AR,0.511,0.177,219724,0.532,0.0578,138.005,0.35
122,472,BEL,Erop Of Eronder,Pommelien Thijs,Per Ongeluk,60,2023-06-23,AR,0.65,0.0186,161800,0.507,0.0533,90.069,0.839
123,473,BEL,Push Up - Main Edit,Creeds,Push Up (Main Edit),85,2023-03-31,AR,0.767,0.209,139300,0.83,0.206,75.023,0.187
124,474,BEL,The Night We Met,Lord Huron,Strange Trails,83,2015-04-07,CA,0.545,0.969,208212,0.366,0.0378,86.997,0.1
125,475,BEL,Overdrive (feat. Norma Jean Martine),Ofenbach,Overdrive (feat. Norma Jean Martine),76,2023-10-06,AR,0.611,0.00257,155905,0.757,0.03,126.963,0.279
126,476,BEL,Can't Hold Us (feat. Ray Dalton),Macklemore & Ryan Lewis,The Heist,87,2012-10-09,AR,0.633,0.0267,258432,0.927,0.0839,146.097,0.88
127,477,BEL,LAISSE MOI,KeBlack,LAISSE MOI,81,2023-09-08,AR,0.765,0.456,168620,0.717,0.349,120.025,0.695
128,478,BEL,I'm Good (Blue),David Guetta,I'm Good (Blue),92,2022-08-26,AR,0.561,0.00383,175238,0.965,0.0343,128.04,0.304
129,479,BEL,Sprinter,Dave,Sprinter,93,2023-06-01,AR,0.916,0.186,226383,0.583,0.241,141.095,0.661
130,480,BEL,Flowers,Miley Cyrus,Endless Summer Vacation,92,2023-08-18,AR,0.706,0.0584,200600,0.691,0.0633,118.048,0.632
131,481,BEL,Saiyan,Heuss L'enfoir√©,Chef D'orchestre,76,2023-06-30,AR,0.775,0.353,189840,0.808,0.0353,125.013,0.638
132,482,BEL,Someone You Loved,Lewis Capaldi,Divinely Uninspired To A Hellish Extent,91,2019-05-17,AR,0.501,0.751,182161,0.405,0.0319,109.891,0.446
133,483,BEL,Bolide allemand,SDM,Liens du 100,80,2022-12-02,AR,0.718,0.441,176747,0.643,0.16,131.825,0.645
134,484,BEL,Is It Over Now? (Taylor's Version) (From The Vault),Taylor Swift,1989 (Taylor's Version),93,2023-10-26,AR,0.596,0.0504,229478,0.658,0.036,100.012,0.176
135,485,BEL,As It Was,Harry Styles,Harry's House,95,2022-05-20,AR,0.52,0.342,167303,0.731,0.0557,173.93,0.662
136,486,BEL,Riptide,Vance Joy,Dream Your Life Away (Special Edition),83,2014-09-09,AR,0.484,0.431,204280,0.731,0.0379,101.654,0.51
137,487,BEL,lovely (with Khalid),Billie Eilish,lovely (with Khalid),91,2018-04-19,AR,0.351,0.934,200186,0.296,0.0333,115.284,0.12
138,488,BEL,My Love Mine All Mine,Mitski,The Land Is Inhospitable and So Are We,97,2023-09-15,AR,0.504,0.868,137773,0.308,0.0321,113.95,0.121
139,489,BEL,Take Me to Church,Hozier,Hozier (Expanded Edition),81,2014-09-19,AU,0.566,0.634,241693,0.664,0.0464,128.945,0.437
140,490,BEL,Viva La Vida,Coldplay,Viva La Vida or Death and All His Friends,88,2008-05-26,AR,0.486,0.0954,242373,0.617,0.0287,138.015,0.417
141,491,BEL,The Feeling,Lost Frequencies,The Feeling,83,2023-06-09,AR,0.615,0.404,152793,0.744,0.163,131.837,0.357
142,492,BEL,All I Want for Christmas Is You,Mariah Carey,Merry Christmas,86,1994-10-28,AR,0.336,0.164,241107,0.627,0.0384,150.273,0.35
143,493,BEL,Substitution (feat. Julian Perretta),Purple Disco Machine,Substitution (feat. Julian Perretta),82,2023-03-30,AR,0.69,0.00903,181478,0.89,0.0507,124.018,0.713
144,494,BEL,Lay Low,Ti√´sto,DRIVE,81,2023-04-21,AR,0.705,0.18,140160,0.663,0.0367,124.988,0.38
"145,495,BEL,""Dance For Me (1, 2, 3) - Stutter Techno"",Sonny Wern,""Dance For Me (1, 2, 3) [Stutter Techno]"",67,2023-10-06,AD,0.706,0.0505,147895,0.975,0.0651,154.993,0.319"
146,496,BEL,Meridian,Dave,Meridian & Special,75,2023-08-25,AR,0.897,0.169,255160,0.665,0.0713,115.05,0.601
147,497,BEL,Miracle (with Ellie Goulding),Calvin Harris,Miracle (with Ellie Goulding),86,2023-03-10,AR,0.636,0.0378,186496,0.869,0.0412,143.011,0.306
148,498,BEL,Mamma Mia,Mentissa,La vingtaine,74,2022-11-18,AR,0.844,0.492,176787,0.56,0.0596,121.056,0.665
149,499,BEL,SEYA,GIMS,LES DERNI√àRES VOLONT√âS DE MOZART (SYMPHONY),66,2023-10-05,AR,0.798,0.219,188485,0.681,0.0722,101.005,0.434
150,750,DNK,555 (feat. KESI),Gilli,Kiko Club,61,2023-11-02,AR,0.529,0.0258,157631,0.846,0.317,189.61,0.682
151,751,DNK,Skarpt Lys,Gilli,Kiko Club,53,2023-11-02,AR,0.758,0.047,183332,0.77,0.0971,150.03,0.743
152,752,DNK,greedy,Tate McRae,greedy,100,2023-09-15,AR,0.75,0.256,131872,0.733,0.0319,111.018,0.844
153,753,DNK,I KNOW,D1MA,I KNOW,69,2023-06-22,AR,0.844,0.039,189474,0.674,0.091,113.973,0.319
154,754,DNK,FORSVINDER (feat. Gobs),Branco,FORSVINDER (feat. Gobs),66,2023-10-13,AR,0.732,0.402,160471,0.807,0.338,139.932,0.537
155,755,DNK,Du & Jeg,Gilli,Kiko Club,53,2023-11-02,AR,0.797,0.116,173024,0.75,0.237,128.913,0.507
156,756,DNK,Tak For Sidst,Gobs,Tak For Sidst,68,2023-06-09,AR,0.815,0.0897,154155,0.613,0.236,134.926,0.649
157,757,DNK,Prada,cass√∂,Prada,94,2023-08-11,AR,0.638,0.001,132359,0.717,0.0375,141.904,0.422
158,758,DNK,Danser Med D√¶moner,Baloosh,Danser Med D√¶moner,53,2023-11-03,AR,0.755,0.402,161433,0.746,0.267,139.99,0.433
159,759,DNK,Uden Dig,Ukendt Kunstner,Dansktop,67,2023-05-12,AR,0.732,0.31,191342,0.737,0.115,163.084,0.88
160,760,DNK,Si No Est√°s,i√±igo quintero,Si No Est√°s,99,2022-09-23,AR,0.537,0.827,184061,0.421,0.0285,98.224,0.524
161,761,DNK,Je Ka Jo,ICEKIID,Je Ka Jo,65,2023-09-29,AR,0.868,0.168,178556,0.741,0.0983,112.044,0.89
162,762,DNK,Water,Tyla,Water,95,2023-07-28,AR,0.673,0.0856,200256,0.722,0.0755,117.187,0.519
163,763,DNK,MOONLIGHT,D1MA,EV1GT&ALT1D,63,2023-03-16,AR,0.714,0.566,197043,0.492,0.209,118.987,0.557
164,764,DNK,Midnight Madness,Gilli,Kiko Club,54,2023-11-02,AR,0.83,0.0334,148558,0.795,0.124,144.961,0.793
165,765,DNK,Et Sted Herude,Gobs,Et Sted Herude,65,2023-08-25,AR,0.592,0.1,137476,0.855,0.293,134.032,0.618
166,766,DNK,Bump (feat. Lamin),TopGunn,DK GOAT,61,2023-10-13,AR,0.845,0.12,170698,0.555,0.273,94.117,0.716
167,767,DNK,Strangers,Kenya Grace,Strangers,98,2023-09-01,AR,0.628,0.701,172965,0.523,0.0946,169.982,0.416
168,768,DNK,2 Kanoner,Merro8,2 Kanoner,64,2023-08-25,AR,0.776,0.292,160615,0.707,0.104,130.083,0.82
169,769,DNK,F√∏les Godt (feat. Mekdes),URO,F√∏les Godt,65,2023-01-13,AR,0.621,0.395,170611,0.684,0.0603,80.954,0.336
170,770,DNK,Spinner (feat. Makar),Gilli,Kiko Club,55,2023-11-02,AR,0.683,0.086,205099,0.738,0.0798,134.072,0.348
171,771,DNK,Vise Dig Vejen (feat. Benny Jamz),Gilli,Kiko Club,55,2023-11-02,AR,0.75,0.472,157206,0.474,0.132,97.306,0.663
172,772,DNK,Ingen Som Os (feat. Benny Jamz & KESI),Gilli,Kiko Club,54,2023-11-02,AR,0.825,0.0282,198140,0.843,0.0556,119.978,0.583
173,773,DNK,Jeg Ka' Rigtig Godt Li' Dig (feat. andreas odbjerg),Ida Laurberg,Jeg Ka' Rigtig Godt Li' Dig (feat. andreas odbjerg),66,2023-06-02,AR,0.739,0.152,186242,0.771,0.0616,89.978,0.808
174,774,DNK,Tilf√¶ldigt (feat. D1MA),Caroline Dubois,Tilf√¶ldigt (feat. D1MA),64,2023-07-06,AR,0.79,0.257,170574,0.566,0.0781,111.089,0.42
175,775,DNK,Chance,Gilli,Kiko Club,54,2023-11-02,AR,0.787,0.375,168215,0.722,0.326,126.804,0.693
176,776,DNK,Fl√∏jt'ne (feat. DJ Aligator & KIDD),Tessa,Fl√∏jt'ne (feat. DJ Aligator & KIDD),59,2023-10-27,AR,0.829,0.0129,155073,0.829,0.158,140.018,0.861
177,777,DNK,vi ku' blive,Artigeardit,nu hvor vi er her,60,2023-09-01,AR,0.63,0.337,207010,0.614,0.294,84.814,0.394
178,778,DNK,All I Want for Christmas Is You,Mariah Carey,Merry Christmas,86,1994-10-28,AR,0.336,0.164,241107,0.627,0.0384,150.273,0.35
179,779,DNK,Paint The Town Red,Doja Cat,Scarlet,89,2023-09-20,AR,0.864,0.255,230480,0.556,0.194,99.974,0.726
180,780,DNK,Last Christmas - Single Version,Wham!,The Singles: Echoes from the Edge of Heaven,70,2023-07-07,AR,0.733,0.212,265960,0.598,0.0278,107.732,0.935
181,781,DNK,DR√òM MIG V√ÜK,D1MA,DR√òM MIG V√ÜK,63,2022-04-01,AR,0.796,0.134,163534,0.602,0.135,133.018,0.409
182,782,DNK,Som Forleden,Lamin,Som Forleden,64,2023-06-02,AR,0.759,0.141,161842,0.797,0.169,100.062,0.798
183,783,DNK,Mindst Ondt (feat. Svea S),Malte Ebert,Mindst Ondt (feat. Svea S),56,2023-10-27,AR,0.644,0.0296,185517,0.748,0.0411,158.973,0.567
184,784,DNK,Is It Over Now? (Taylor's Version) (From The Vault),Taylor Swift,1989 (Taylor's Version),93,2023-10-26,AR,0.596,0.0504,229478,0.658,0.036,100.012,0.176
185,785,DNK,New York City,Merro8,New York City,50,2023-11-03,AR,0.655,0.0433,142289,0.749,0.0568,135.049,0.693
186,786,DNK,Topform (feat. Lamin),KESI,TILLYKKE,63,2023-09-06,AR,0.751,0.0768,141834,0.698,0.324,91.597,0.683
187,787,DNK,Tinka,Burhan G,Et Barn Af Jul,40,2019-11-15,AR,0.565,0.385,201920,0.639,0.0301,90.981,0.427
188,788,DNK,Sprinter,Dave,Sprinter,93,2023-06-01,AR,0.916,0.186,226383,0.583,0.241,141.095,0.661
189,789,DNK,Hvor Som Helst,Tessa,Tessas H√¶vn (Igen Bitch),62,2023-07-07,AR,0.833,0.0203,136218,0.672,0.198,107.02,0.397
190,790,DNK,Santa Tell Me,Ariana Grande,Santa Tell Me,81,2014-11-24,AR,0.525,0.0489,204093,0.621,0.116,191.9,0.591
191,791,DNK,Under Radar,Benny Jamz,Under Radar,62,2023-06-08,AR,0.838,0.0042,190057,0.564,0.178,129.938,0.488
192,792,DNK,xoxo (feat. ICEKIID),Artigeardit,nu hvor vi er her,62,2023-09-01,AR,0.808,0.204,181902,0.611,0.41,93.032,0.815
193,793,DNK,Vi 1,Tobias Rahim,Vi 1,63,2023-06-02,AR,0.685,0.138,169600,0.828,0.0391,129.994,0.411
194,794,DNK,Cruel Summer,Taylor Swift,Lover,99,2019-08-23,AR,0.552,0.117,178427,0.702,0.157,169.994,0.564
195,795,DNK,STOR MAND (feat. Andreas Odbjerg),Tobias Rahim,N√•r sj√¶len kaster op,63,2022-10-21,AR,0.667,0.178,182816,0.671,0.0466,145.975,0.493
196,796,DNK,Verden V√•gner (feat. Saveus),Gilli,Suave World,61,2022-10-15,AR,0.565,0.371,156137,0.764,0.306,94.686,0.734
197,797,DNK,Mistletoe,Justin Bieber,Under The Mistletoe (Deluxe Edition),76,2011-01-01,AR,0.657,0.498,182947,0.56,0.0467,161.993,0.854
198,798,DNK,Halsk√¶de,Guldimund,Halsk√¶de,57,2023-10-21,AR,0.503,0.293,157373,0.326,0.0322,143.175,0.272
199,799,DNK,Tro P√• K√¶rlighed,Gobs,KNUSTE HJERTER HELER ALDRIG,62,2023-04-11,AR,0.708,0.129,158957,0.77,0.105,144.04,0.545
200,1050,ESP,Si No Est√°s,i√±igo quintero,Si No Est√°s,99,2022-09-23,AR,0.537,0.827,184061,0.421,0.0285,98.224,0.524
201,1051,ESP,PERRO NEGRO,Bad Bunny,nadie sabe lo que va a pasar ma√±ana,97,2023-10-13,AR,0.911,0.0887,162768,0.778,0.262,96.057,0.345
202,1052,ESP,Lollipop,Darell,EVERYBODY GO TO THE DISCOTEK,95,2023-07-28,AR,0.822,0.179,199947,0.711,0.0668,102.984,0.934
203,1053,ESP,OA,Anuel AA,OA,86,2023-10-13,AR,0.813,0.17,235200,0.866,0.0851,99.994,0.647
204,1054,ESP,REINA,Mora,ESTRELLA,88,2023-08-28,AR,0.724,0.632,211879,0.578,0.0819,167.985,0.757
205,1055,ESP,Columbia,Quevedo,Columbia,95,2023-07-07,AR,0.668,0.369,186000,0.712,0.0381,100.02,0.264
206,1056,ESP,MODELITO,Mora,PARA√çSO,85,2022-11-03,AR,0.711,0.191,190497,0.752,0.2,145.047,0.528
207,1057,ESP,El Mambo,Kiko Rivera,El Mambo,83,2023-07-13,AR,0.884,0.0406,129846,0.718,0.0763,139.991,0.729
208,1058,ESP,DILUVIO,Rauw Alejandro,PLAYA SATURNO,85,2023-07-07,AR,0.845,0.343,197053,0.795,0.0681,94.969,0.681
209,1059,ESP,MONACO,Bad Bunny,nadie sabe lo que va a pasar ma√±ana,98,2023-10-13,AR,0.787,0.15,267194,0.621,0.068,139.056,0.13
210,1060,ESP,SEDA,Bad Bunny,nadie sabe lo que va a pasar ma√±ana,90,2023-10-13,AR,0.706,0.268,190476,0.566,0.126,125.876,0.23
211,1061,ESP,Buenas,Quevedo,Buenas,86,2023-09-22,AR,0.625,0.247,192955,0.755,0.0724,87.948,0.429
212,1062,ESP,LALA,Myke Towers,LA VIDA ES UNA,97,2023-03-23,AR,0.708,0.0739,197920,0.737,0.0436,91.986,0.607
213,1063,ESP,COSAS QUE NO TE DIJE,Saiko,COSAS QUE NO TE DIJE,81,2021-09-17,AR,0.616,0.563,224726,0.673,0.0327,99.971,0.21
214,1064,ESP,POLARIS - Remix,Saiko,POLARIS (Remix),86,2023-06-08,AR,0.623,0.153,288000,0.799,0.0713,169.901,0.552
215,1065,ESP,Holanda,Jhayco,Holanda,92,2023-07-28,AR,0.831,0.277,231693,0.759,0.0502,107.961,0.244
216,1066,ESP,Quien Es Dei V?,Dei V,Quien Es Dei V?,82,2023-03-17,AR,0.557,0.481,162245,0.744,0.344,100.247,0.7
217,1067,ESP,La_Original.mp3,Emilia,.mp3,71,2023-11-03,AR,0.833,0.0836,140625,0.809,0.0381,128.055,0.905
218,1068,ESP,lady madrizZz,c√©ro,lady madrizZz,70,2023-09-01,AR,0.768,0.489,131020,0.295,0.0735,98.084,0.791
219,1069,ESP,,,,0,0000,,0.716,0.0124,220667,0.824,0.0497,89.991,0.541
220,1070,ESP,NO PIENSO LLAMAR,Soge Culebra,STORM,68,2023-10-13,AR,0.679,0.181,198353,0.556,0.148,169.997,0.583
221,1071,ESP,HIBIKI,Bad Bunny,nadie sabe lo que va a pasar ma√±ana,92,2023-10-13,AR,0.801,0.604,208000,0.645,0.0706,119.935,0.528
222,1072,ESP,QLONA,KAROL G,MA√ëANA SER√Å BONITO (BICHOTA SEASON),94,2023-08-10,AR,0.841,0.52,172798,0.738,0.307,169.918,0.484
223,1073,ESP,Madrid City,Ana Mena,Madrid City,76,2023-09-29,AR,0.73,0.0272,172727,0.87,0.0561,132.011,0.184
"224,1074,ESP,LUCES DE TECNO,Feid,""MOR, No Le Temas a La Oscuridad"",82,2023-09-29,AR,0.643,0.142,164293,0.651,0.601,130.019,0.324"
225,1075,ESP,BABY HELLO,Rauw Alejandro,PLAYA SATURNO,79,2023-07-07,AR,0.773,0.164,222462,0.893,0.0483,130.013,0.842
226,1076,ESP,SEYA,GIMS,LES DERNI√àRES VOLONT√âS DE MOZART (SYMPHONY),66,2023-10-05,AR,0.798,0.219,188485,0.681,0.0722,101.005,0.434
227,1077,ESP,Narcotics (with Bryant Myers),Dei V,Narcotics (with Bryant Myers),83,2023-09-14,AR,0.711,0.379,173991,0.718,0.0994,159.953,0.689
228,1078,ESP,El Cielo,Sky Rompiendo,El Cielo,88,2023-06-02,AR,0.715,0.0687,191321,0.642,0.0515,105.964,0.169
229,1079,ESP,DONDE SE APRENDE A QUERER?,Mora,ESTRELLA,86,2023-08-28,AR,0.722,0.555,144427,0.519,0.297,170.058,0.779
230,1080,ESP,Los del Espacio,LIT killah,Los del Espacio,88,2023-06-01,AR,0.813,0.107,338000,0.682,0.0402,120.011,0.634
231,1081,ESP,A 300,JC Reyes,A 300,78,2023-02-17,AR,0.792,0.0927,169209,0.725,0.171,138.867,0.68
232,1082,ESP,Antidepresivos,Saiko,Antidepresivos,78,2023-08-03,AR,0.72,0.324,145385,0.613,0.0367,103.942,0.724
233,1083,ESP,FINA,Bad Bunny,nadie sabe lo que va a pasar ma√±ana,93,2023-10-13,AR,0.847,0.0869,216328,0.724,0.298,94.601,0.396
234,1084,ESP,El Merengue,Marshmello,Sugar Papi,60,2023-11-02,AR,0.778,0.0929,189669,0.772,0.0556,123.982,0.661
235,1085,ESP,VAGABUNDO,Sebastian Yatra,VAGABUNDO,86,2023-05-12,AR,0.817,0.0351,215600,0.851,0.0627,127.019,0.886
236,1086,ESP,Arena y Sal,Omar Montes,Arena y Sal,79,2023-05-18,AR,0.722,0.598,174415,0.782,0.0524,117.996,0.762
237,1087,ESP,Fruto,Bizarrap,en dormir sin Madrid,91,2023-10-04,AR,0.801,0.494,133969,0.517,0.269,160.254,0.923
238,1088,ESP,No_Se_Ve.mp3,Emilia,.mp3,65,2023-11-03,AR,0.765,0.0892,203636,0.659,0.0825,132.066,0.567
239,1089,ESP,Coraz√≥n Roto pt. 3,Brray,Coraz√≥n Roto pt. 3,86,2023-09-08,AR,0.841,0.363,348400,0.741,0.048,92.988,0.849
"240,1090,ESP,""Milo J: Bzrp Music Sessions, Vol. 57"",Bizarrap,""Milo J: Bzrp Music Sessions, Vol. 57"",88,2023-10-03,AR,0.795,0.527,192288,0.553,0.244,124.109,0.739"
241,1091,ESP,No Estuviste En Lo Malo - REMIX,Morad,No Estuviste En Lo Malo (REMIX),78,2023-10-04,AR,0.724,0.667,268320,0.537,0.0703,125.142,0.219
242,1092,ESP,THUNDER Y LIGHTNING,Bad Bunny,nadie sabe lo que va a pasar ma√±ana,87,2023-10-13,AR,0.552,0.496,217133,0.744,0.124,156.027,0.627
243,1093,ESP,Classy 101,Feid,Classy 101,93,2023-03-31,AR,0.859,0.145,195987,0.658,0.159,100.065,0.672
244,1094,ESP,La Bachata,Manuel Turizo,2000,85,2023-03-17,AR,0.835,0.583,162638,0.679,0.0364,124.98,0.85
245,1095,ESP,La Baby,Brytiago,La Baby,69,2023-10-27,AR,0.645,0.208,161333,0.442,0.558,120.205,0.486
246,1096,ESP,Mi Luz (ft. Rels B),Rvfv,NASTU,81,2022-01-28,AR,0.705,0.509,168000,0.526,0.327,200.031,0.671
247,1097,ESP,GATITA GANGSTER,KAROL G,MA√ëANA SER√Å BONITO (BICHOTA SEASON),81,2023-08-10,AR,0.826,0.167,170921,0.552,0.144,96.981,0.532
248,1098,ESP,Bandidona,Saiko,Bandidona,74,2023-10-26,AR,0.638,0.0992,160941,0.66,0.197,169.962,0.535
249,1099,ESP,EL TONTO,Lola Indigo,EL DRAG√ìN,77,2023-04-13,AR,0.801,0.406,188088,0.801,0.1,110.029,0.663
250,1300,FRA,Petit g√©nie,Jungeli,Petit g√©nie,15,2023-08-04,AR,0.794,0.103,217260,0.578,0.25,126.032,0.967
251,1301,FRA,Si No Est√°s,i√±igo quintero,Si No Est√°s,99,2022-09-23,AR,0.537,0.827,184061,0.421,0.0285,98.224,0.524
252,1302,FRA,LAISSE MOI,KeBlack,LAISSE MOI,81,2023-09-08,AR,0.765,0.456,168620,0.717,0.349,120.025,0.695
253,1303,FRA,FLASHBACK,Fav√©,IL LE FALLAIT,69,2023-10-13,AR,0.762,0.39,176120,0.564,0.088,141.938,0.744
254,1304,FRA,Casanova,Soolking,Casanova,86,2023-07-06,AR,0.801,0.677,189091,0.832,0.208,132.044,0.758
255,1305,FRA,greedy,Tate McRae,greedy,100,2023-09-15,AR,0.75,0.256,131872,0.733,0.0319,111.018,0.844
256,1306,FRA,Saiyan,Heuss L'enfoir√©,Chef D'orchestre,76,2023-06-30,AR,0.775,0.353,189840,0.808,0.0353,125.013,0.638
257,1307,FRA,Vois sur ton chemin - Techno Mix,BENNETT,Vois sur ton chemin (Techno Mix),91,2023-08-04,AR,0.634,0.0908,178156,0.824,0.047,137.959,0.371
258,1308,FRA,Bolide allemand,SDM,Liens du 100,80,2022-12-02,AR,0.718,0.441,176747,0.643,0.16,131.825,0.645
259,1309,FRA,Paint The Town Red,Doja Cat,Scarlet,89,2023-09-20,AR,0.864,0.255,230480,0.556,0.194,99.974,0.726
260,1310,FRA,Meridian,Dave,Meridian & Special,75,2023-08-25,AR,0.897,0.169,255160,0.665,0.0713,115.05,0.601
261,1311,FRA,Strangers,Kenya Grace,Strangers,98,2023-09-01,AR,0.628,0.701,172965,0.523,0.0946,169.982,0.416
262,1312,FRA,Tattoo,Loreen,Tattoo,89,2023-02-25,AR,0.545,0.243,183375,0.779,0.0751,150.002,0.303
263,1313,FRA,Laboratoire,Werenoi,Carr√©,78,2023-03-10,AR,0.801,0.463,162840,0.604,0.21,125.024,0.534
264,1314,FRA,Meuda,Tiakola,M√©lo,78,2022-05-27,AR,0.724,0.508,152547,0.593,0.0766,141.901,0.624
265,1315,FRA,Gimme Love,Sia,Gimme Love,81,2023-09-13,AR,0.284,0.00335,214067,0.755,0.05,93.384,0.199
266,1316,FRA,Daylight,David Kushner,Daylight,95,2023-04-14,AR,0.508,0.83,212954,0.43,0.0335,130.09,0.324
267,1317,FRA,Prada,cass√∂,Prada,94,2023-08-11,AR,0.638,0.001,132359,0.717,0.0375,141.904,0.422
268,1318,FRA,Nouvelles,PLK,2069',76,2023-04-13,AR,0.536,0.011,179653,0.655,0.22,196.007,0.434
269,1319,FRA,Arranca (feat. Omega),Becky G,Arranca (feat. Omega),81,2023-03-10,AR,0.931,0.0378,166529,0.793,0.133,117.999,0.856
270,1320,FRA,1 2 3 4,Zokush,S√õR ET CERTAIN,64,2023-06-22,AR,0.825,0.256,180793,0.668,0.135,129.983,0.557
271,1321,FRA,La League,Werenoi,La League,74,2021-03-03,AR,0.819,0.873,173428,0.675,0.137,104.095,0.542
272,1322,FRA,Overdrive (feat. Norma Jean Martine),Ofenbach,Overdrive (feat. Norma Jean Martine),76,2023-10-06,AR,0.611,0.00257,155905,0.757,0.03,126.963,0.279
273,1323,FRA,No love,Ninho,NI,76,2023-06-30,AR,0.668,0.174,202187,0.436,0.391,80.431,0.363
274,1324,FRA,Water,Tyla,Water,95,2023-07-28,AR,0.673,0.0856,200256,0.722,0.0755,117.187,0.519
275,1325,FRA,Dance The Night - From Barbie The Album,Dua Lipa,Dance The Night (From Barbie The Album),94,2023-05-25,AR,0.671,0.0207,176579,0.845,0.048,110.056,0.775
276,1326,FRA,Ailleurs,Josman,J.000.$,67,2023-10-28,AR,0.738,0.357,165507,0.593,0.28,72.494,0.477
277,1327,FRA,Chemin d'or,Werenoi,Carr√©,75,2023-03-10,AR,0.696,0.354,212093,0.607,0.152,91.452,0.392
278,1328,FRA,Another Love,Tom Odell,Long Way Down (Deluxe),92,2013-06-24,AR,0.445,0.695,244360,0.537,0.04,122.769,0.131
279,1329,FRA,LA RUE,No Limit,LA RUE,75,2023-06-05,AR,0.713,0.348,225137,0.59,0.196,138.065,0.578
280,1330,FRA,Les Flammes,Josman,J.000.$,69,2023-10-28,AR,0.795,0.239,193333,0.584,0.316,143.951,0.686
281,1331,FRA,Popcorn Sal√©,SANTA,Popcorn Sal√©,72,2022-03-25,AR,0.355,0.881,238653,0.29,0.0338,168.345,0.0859
282,1332,FRA,Solitaire,Werenoi,Telegram,73,2022-10-28,AR,0.753,0.151,146441,0.717,0.0384,117.952,0.601
283,1333,FRA,The Magic Key,Trinix,The Magic Key,76,2023-04-07,AR,0.89,0.00989,171211,0.725,0.0469,122.004,0.762
284,1334,FRA,J'fais que danser,Jul,J'fais que danser,63,2023-11-03,AR,0.769,0.431,173587,0.622,0.155,95.914,0.425
285,1335,FRA,Emorio,Trinix,Emorio,76,2023-04-28,AR,0.669,0.0886,163840,0.718,0.0438,120.955,0.615
286,1336,FRA,SEYA,GIMS,LES DERNI√àRES VOLONT√âS DE MOZART (SYMPHONY),66,2023-10-05,AR,0.798,0.219,188485,0.681,0.0722,101.005,0.434
287,1337,FRA,Demain,PLK,2069',74,2023-04-13,AR,0.726,0.272,183013,0.675,0.16,137.954,0.846
288,1338,FRA,FLEURS (feat. Tiakola),Gazo,KMT,74,2022-07-01,AR,0.673,0.268,210933,0.636,0.0771,127.021,0.438
289,1339,FRA,Celui qui part,Joseph Kamel,Miroirs,45,2023-10-27,AR,0.596,0.246,156413,0.863,0.0414,150.134,0.66
290,1340,FRA,Avec Toi,OBOY,OMEGA,73,2019-07-12,AR,0.661,0.457,193813,0.666,0.0277,92.475,0.381
291,1341,FRA,All for U (Ameyatchi),King Serenity,All for U (Ameyatchi),73,2023-06-14,AR,0.884,0.168,165564,0.629,0.0416,108.026,0.869
292,1342,FRA,Boyz In Paris (with VINAI),Marnik,Boyz In Paris (with VINAI),83,2023-07-28,AR,0.554,0.0326,151590,0.968,0.0695,74.465,0.415
293,1343,FRA,Desire (with Sam Smith),Calvin Harris,Desire (with Sam Smith),87,2023-07-28,AR,0.587,0.0311,179162,0.924,0.0457,140.009,0.509
294,1344,FRA,Probl√®mes de Riche,Josman,J.000.$,68,2023-10-28,AR,0.755,0.182,192000,0.579,0.316,74.982,0.614
295,1345,FRA,Shavkat,Freeze corleone,ADC,70,2023-09-11,AR,0.626,0.0709,219866,0.73,0.295,111.261,0.511
296,1346,FRA,DIE,Gazo,KMT,75,2022-07-01,AR,0.695,0.229,240413,0.63,0.035,130.968,0.55
297,1347,FRA,Mucho cuir,Rsko,Memory,61,2023-11-03,AR,0.745,0.249,185813,0.63,0.158,126.978,0.643
298,1348,FRA,Le feu,Kendji Girac,L'√©cole de la vie,72,2022-11-11,AR,0.667,0.261,237160,0.746,0.0451,88.038,0.549
299,1349,FRA,BALLE DANS LE COEUR,Ikaz Boi,BRUT4L,70,2023-09-29,AR,0.71,0.0467,160307,0.591,0.0723,120.004,0.55
300,1550,HUN,Rampapapam,DESH,CARPE DIEM,68,2023-07-21,AR,0.835,0.084,189355,0.856,0.0891,93.008,0.614
301,1551,HUN,cerem√≥nia,Azahriah,tripq,66,2023-08-24,AR,0.678,0.496,273818,0.625,0.12,109.98,0.361
302,1552,HUN,3korty,Azahriah,memento,66,2023-05-01,AR,0.825,0.223,193398,0.69,0.114,103.049,0.315
303,1553,HUN,Valencia,Tomi,Valencia,65,2023-09-23,AR,0.8,0.423,175082,0.641,0.0645,92.067,0.601
304,1554,HUN,Pakiszt√°ni/popo,DESH,CARPE DIEM,65,2023-07-21,AR,0.615,0.134,161025,0.825,0.154,103.817,0.614
305,1555,HUN,introvert√°lt dal,Azahriah,memento,64,2023-05-01,AR,0.652,0.126,169841,0.815,0.0606,151.046,0.823
306,1556,HUN,Kopott szavak,Ekhoe,Kopott szavak,59,2023-10-27,AR,0.786,0.00719,163137,0.427,0.446,152.923,0.441
307,1557,HUN,Ganxsta Zolee Tehet Mindenr≈ël,Kr√∫bi,Ganxsta Zolee Tehet Mindenr≈ël,53,2023-11-03,AR,0.772,0.0386,304893,0.738,0.238,96.948,0.453
308,1558,HUN,lost tiki,Azahriah,tripq,64,2023-08-24,AR,0.711,0.715,171429,0.691,0.0459,98.002,0.656
309,1559,HUN,valami amerikai,Azahriah,valami amerikai,63,2023-09-26,AR,0.615,0.599,220227,0.69,0.143,175.892,0.296
310,1560,HUN,greedy,Tate McRae,greedy,100,2023-09-15,AR,0.75,0.256,131872,0.733,0.0319,111.018,0.844
311,1561,HUN,four moods,Azahriah,silbak,63,2022-08-17,AR,0.538,0.37,203529,0.669,0.217,101.993,0.198
312,1562,HUN,V√°rn√©k,Dzs√∫dl√≥,V√°rn√©k,62,2022-07-07,AR,0.682,0.405,187105,0.691,0.0627,75.96,0.69
313,1563,HUN,Rollin',DESH,Rollin',62,2023-07-07,AR,0.753,0.377,199719,0.584,0.112,89.022,0.892
314,1564,HUN,Si No Est√°s,i√±igo quintero,Si No Est√°s,99,2022-09-23,AR,0.537,0.827,184061,0.421,0.0285,98.224,0.524
315,1565,HUN,Pullup,Azahriah,A l√≥ t√∫loldal√°n,61,2022-05-20,AR,0.726,0.106,137000,0.632,0.112,86.905,0.289
316,1566,HUN,Baby,Bruno X Spacc,Baby,55,2023-10-26,AR,0.838,0.422,158653,0.642,0.0789,90.033,0.362
317,1567,HUN,Papa,DESH,DESHPERADO,61,2022-10-25,AR,0.833,0.382,140769,0.722,0.0748,104.017,0.425
318,1568,HUN,casa de papel,Azahriah,memento,61,2023-05-01,AR,0.808,0.646,160000,0.679,0.125,135.064,0.511
319,1569,HUN,Strangers,Kenya Grace,Strangers,98,2023-09-01,AR,0.628,0.701,172965,0.523,0.0946,169.982,0.416
320,1570,HUN,Vill√°m,Mih√°lyfi Luca,Vill√°m,60,2023-07-25,AR,0.808,0.143,206000,0.391,0.0922,120.074,0.353
321,1571,HUN,figyelj,Azahriah,silbak,61,2022-08-17,AR,0.683,0.124,164291,0.683,0.036,110.933,0.234
322,1572,HUN,Walkin a street,DESH,CARPE DIEM,61,2023-07-21,AR,0.715,0.163,190687,0.791,0.17,79.959,0.963
323,1573,HUN,Miafasz,Azahriah,A l√≥ t√∫loldal√°n,60,2022-05-20,AR,0.696,0.368,193543,0.707,0.217,87.478,0.506
324,1574,HUN,Valentino,Mih√°lyfi Luca,Valentino,57,2023-10-03,AR,0.8,0.0772,141830,0.681,0.0505,94.978,0.382
325,1575,HUN,BAGIRA,Beton.Hofi,PLAYB√ÅNIA,59,2022-09-01,AR,0.678,0.194,124273,0.825,0.299,86.11,0.51
326,1576,HUN,√ñrd√∂g N√≥rika,Bruno X Spacc,√ñrd√∂g N√≥rika,61,2023-07-30,AR,0.924,0.182,123125,0.557,0.243,96.036,0.258
327,1577,HUN,b√©ke,Azahriah,tripq,62,2023-08-24,AR,0.676,0.395,315862,0.728,0.0965,174.089,0.938
328,1578,HUN,Paint The Town Red,Doja Cat,Scarlet,89,2023-09-20,AR,0.864,0.255,230480,0.556,0.194,99.974,0.726
329,1579,HUN,g√°t,Azahriah,memento,61,2023-05-01,AR,0.77,0.349,189784,0.812,0.114,104.067,0.563
330,1580,HUN,Vois sur ton chemin - Techno Mix,BENNETT,Vois sur ton chemin (Techno Mix),91,2023-08-04,AR,0.634,0.0908,178156,0.824,0.047,137.959,0.371
331,1581,HUN,vicc,Azahriah,tripq,61,2023-08-24,AR,0.668,0.304,158049,0.677,0.236,163.934,0.581
332,1582,HUN,R√©t,Azahriah,R√©t,59,2021,AR,0.474,0.438,179235,0.711,0.0862,81.993,0.722
333,1583,HUN,Tiszt√°n iszom,Azahriah,A l√≥ t√∫loldal√°n,59,2022-05-20,AR,0.446,0.644,180750,0.655,0.0439,162.924,0.894
334,1584,HUN,Mind1,Azahriah,A l√≥ t√∫loldal√°n,57,2022-05-20,AR,0.741,0.548,191538,0.658,0.0717,103.942,0.467
335,1585,HUN,szosziazi,Azahriah,memento,59,2023-05-01,AR,0.771,0.135,206038,0.615,0.19,105.993,0.406
336,1586,HUN,bulbaba,Azahriah,tripq,61,2023-08-24,AR,0.81,0.701,125825,0.674,0.144,103.09,0.242
337,1587,HUN,SHYSHY,Grasa,SHYSHY,51,2023-11-01,AR,0.681,0.00121,224578,0.523,0.336,156.034,0.397
338,1588,HUN,Mes√©lek a bornak,4s Street,Szebb napok,53,2021-12-14,AR,0.661,0.912,217000,0.373,0.0419,119.686,0.226
339,1589,HUN,Latyo √©s haze,Kain,Focus,59,2023-01-13,AR,0.824,0.0725,153650,0.536,0.143,125.046,0.419
340,1590,HUN,Smash!,Ekhoe,Sose Alszok,60,2023-04-07,AR,0.763,0.193,144000,0.531,0.124,80.023,0.217
341,1591,HUN,Gang John Lennon,BSW,Gang John Lennon,54,2023-10-25,AR,0.881,0.229,161176,0.684,0.164,102.022,0.446
342,1592,HUN,MENTALITAT,LMEN PRALA,MENTALITAT,57,2023-09-15,AR,0.805,0.429,152619,0.635,0.0736,126.016,0.41
343,1593,HUN,Afro Beat,Pog√°ny Indul√≥,Meg√°ll Az Id≈ë,35,2023-02-25,AR,0.858,0.0481,192000,0.436,0.108,125.002,0.0988
344,1594,HUN,Sz√°zszorsz√©p,Ekhoe,Sose Alszok,59,2023-04-07,AR,0.65,0.149,146014,0.465,0.0828,142.837,0.202
345,1595,HUN,24 kar√°t,Young Fly,24 kar√°t,58,2021-12-31,AR,0.813,0.245,128582,0.682,0.157,151.072,0.537
346,1596,HUN,Gurulgatok,VZS,Gurulgatok,58,2023-09-20,AR,0.926,0.0952,147097,0.556,0.178,92.999,0.621
347,1597,HUN,Daylight,David Kushner,Daylight,95,2023-04-14,AR,0.508,0.83,212954,0.43,0.0335,130.09,0.324
348,1598,HUN,Prada,cass√∂,Prada,94,2023-08-11,AR,0.638,0.001,132359,0.717,0.0375,141.904,0.422
349,1599,HUN,Nagy a zaj,Aza,Nagy a zaj,54,2023-10-20,AR,0.764,0.147,180000,0.638,0.175,120.022,0.458
"350,1850,ITA,""EVERYDAY (feat. Shiva, ANNA, Geolier)"",Takagi & Ketra,""EVERYDAY (feat. Shiva, ANNA, Geolier)"",84,2023-10-13,AR,0.748,0.499,190189,0.516,0.1,78.038,0.465"
351,1851,ITA,Cadillac (feat. Artie 5ive),Boro,Cadillac (feat. Artie 5ive),81,2023-09-21,AR,0.805,0.13,155526,0.873,0.187,94.976,0.21
352,1852,ITA,RESPIRA (feat. Marracash),Salmo,CVLT,73,2023-11-03,AR,0.718,0.135,223413,0.925,0.343,124.967,0.653
353,1853,ITA,Si No Est√°s,i√±igo quintero,Si No Est√°s,99,2022-09-23,AR,0.537,0.827,184061,0.421,0.0285,98.224,0.524
354,1854,ITA,Insta Lova,Marracash,Santeria,80,2016-06-24,AR,0.69,0.0721,206806,0.795,0.0759,101.071,0.905
355,1855,ITA,CVLT (feat. Kid Yugi),Salmo,CVLT,71,2023-11-03,AR,0.595,0.217,226557,0.792,0.322,92.236,0.436
356,1856,ITA,2minuti,Calcutta ,RELAX,76,2023-10-20,AR,0.764,0.157,214291,0.593,0.029,122.959,0.668
357,1857,ITA,Che t'o dico a fa',Angelina Mango,Che t'o dico a fa',78,2023-10-06,AR,0.647,0.279,187742,0.684,0.191,165.028,0.416
358,1858,ITA,Papaya,VillaBanks,VILLABANKS,61,2023-10-26,AR,0.674,0.409,139714,0.827,0.0995,140.044,0.419
359,1859,ITA,MILANO,BIA,REALLY HER (INTL DELUXE),79,2023-09-29,AR,0.8,0.0724,194676,0.429,0.281,143.918,0.493
360,1860,ITA,Freaky (feat. Shiva & Niky Savage),Slings,TRAPHOUSE,73,2023-10-20,AR,0.873,0.0365,176970,0.578,0.276,98.996,0.681
361,1861,ITA,VETRI NERI,AVA,VETRI NERI,80,2023-05-19,AR,0.754,0.0763,164776,0.767,0.0594,134.084,0.529
362,1862,ITA,ANTHEM,Salmo,CVLT,71,2023-11-03,AR,0.653,0.0943,138661,0.817,0.442,93.522,0.496
363,1863,ITA,COME VUOI,Geolier,IL CORAGGIO DEI BAMBINI,78,2023-01-06,AR,0.756,0.13,172615,0.631,0.0502,130.052,0.896
364,1864,ITA,Tutti,Calcutta ,RELAX,74,2023-10-20,AR,0.544,0.679,250895,0.482,0.0346,134.98,0.322
365,1865,ITA,Nightmares,Bresh,Nightmares,77,2023-09-29,AR,0.714,0.492,201782,0.833,0.0378,116.994,0.702
366,1866,ITA,INCUBI,Salmo,CVLT,70,2023-11-03,AR,0.594,0.0709,162893,0.813,0.388,171.727,0.598
367,1867,ITA,MY LOVE SONG 2 (feat. Coez & Frah Quintale),Salmo,CVLT,70,2023-11-03,AR,0.584,0.154,174288,0.865,0.342,79.567,0.703
"368,1868,ITA,""BON TON (feat. Lazza, Blanco, Sfera Ebbasta & Michelangelo)"",Drillionaire,10,61,2023-06-28,AR,0.676,0.0815,238534,0.81,0.0411,129.986,0.656"
369,1869,ITA,Hoe (feat. Sfera Ebbasta),Tedua,La Divina Commedia,78,2023-06-02,AR,0.936,0.0974,137120,0.757,0.117,114.044,0.406
370,1870,ITA,DIMMI CHE NON √à UN ADDIO,Holden,DIMMI CHE NON √à UN ADDIO,55,2023-11-07,AR,0.592,0.132,177769,0.543,0.0267,97.478,0.171
371,1871,ITA,CRINGE,Salmo,CVLT,70,2023-11-03,AR,0.607,0.0603,192729,0.81,0.293,93.93,0.478
372,1872,ITA,ANELLI E COLLANE (feat. ANNA),Artie 5ive,ASPETTANDO LA BELLA VITA,77,2023-07-20,AR,0.524,0.129,189016,0.816,0.126,96.503,0.489
373,1873,ITA,IL MALE CHE MI FAI (feat. Marracash),Geolier,IL CORAGGIO DEI BAMBINI - ATTO II,77,2023-04-07,AR,0.735,0.141,167339,0.798,0.122,109.044,0.51
374,1874,ITA,MIRACOLO,Salmo,CVLT,69,2023-11-03,AR,0.655,0.0518,174283,0.644,0.483,90.702,0.35
375,1875,ITA,Kiss You (F**k You) [feat. Geolier],Yung Snapp,HOTEL MONTANA,75,2023-09-01,AR,0.774,0.201,207400,0.572,0.0586,104.021,0.217
"376,1876,ITA,""Gelosa (feat. Shiva, Sfera Ebbasta, Gu√®)"",Finesse,""Gelosa (feat. Shiva, Sfera Ebbasta, Gu√®)"",78,2023-02-24,AR,0.726,0.0378,182400,0.672,0.0704,150.068,0.479"
377,1877,ITA,Baby Mama,Don Pero,Baby Mama,75,2022-10-27,AR,0.595,0.0345,151160,0.832,0.0425,90.475,0.243
378,1878,ITA,Syrup,Shiva,Syrup,78,2023-09-14,AR,0.895,0.0322,189500,0.46,0.0936,139.893,0.294
379,1879,ITA,BRUJERIA,Salmo,CVLT,69,2023-11-03,AR,0.662,0.0499,192588,0.807,0.357,121.764,0.579
380,1880,ITA,ABC (feat. Bello Figo),Slings,TRAPHOUSE,62,2023-10-20,AR,0.888,0.00187,143425,0.47,0.255,145.953,0.709
381,1881,ITA,bellissimissima <3,Alfa,bellissimissima <3,78,2023-05-12,AR,0.734,0.144,157031,0.841,0.186,101.853,0.951
382,1882,ITA,TAXI SULLA LUNA,Tony Effe,TAXI SULLA LUNA,77,2023-06-08,AR,0.861,0.0687,143500,0.735,0.0835,120.015,0.604
383,1883,ITA,LALA,Myke Towers,LA VIDA ES UNA,97,2023-03-23,AR,0.708,0.0739,197920,0.737,0.0436,91.986,0.607
384,1884,ITA,Rubami la Notte,Pinguini Tattici Nucleari,Fake News,70,2022-12-02,AR,0.547,0.0671,189583,0.882,0.0379,77.011,0.642
385,1885,ITA,Alta marea,Coez,Lovebars,67,2023-09-08,AR,0.737,0.054,171903,0.75,0.0432,109.988,0.813
386,1886,ITA,Soraya,Medy,Soraya,68,2023-10-20,AR,0.639,0.123,180094,0.475,0.0673,101.994,0.374
387,1887,ITA,Fantasmi (feat. Geolier),Rose Villain,Radio Gotham,75,2023-01-20,AR,0.757,0.506,133267,0.766,0.116,97.971,0.457
388,1888,ITA,Paradiso Artificiale (feat. Baby Gang & Kid Yugi),Tedua,La Divina Commedia,74,2023-06-02,AR,0.743,0.326,162467,0.693,0.114,104.522,0.567
389,1889,ITA,CROCI ‚Ç¨ CRISTI,Salmo,CVLT,68,2023-11-03,AR,0.624,0.0308,154696,0.858,0.37,86.154,0.446
390,1890,ITA,Red Light,Tedua,La Divina Commedia,74,2023-06-02,AR,0.558,0.0678,167867,0.624,0.0439,66.512,0.574
391,1891,ITA,Ancora,Rhove,Ancora,75,2023-06-21,AR,0.739,0.462,171775,0.7,0.0795,138.018,0.583
"392,1892,ITA,""CLAP CLAP (feat. Artie 5ive, Niky Savage)"",Sadturs,NO REGULAR MUSIC,67,2023-10-27,AR,0.747,0.0787,133875,0.694,0.287,160.041,0.718"
393,1893,ITA,GRINDHOUSE,Salmo,CVLT,67,2023-11-03,AR,0.695,0.0142,156893,0.701,0.178,148.137,0.443
394,1894,ITA,TOP G (feat. Sacky),Artie 5ive,ASPETTANDO LA BELLA VITA,72,2023-07-20,AR,0.734,0.0716,219780,0.703,0.0444,89.998,0.146
395,1895,ITA,PARAFULMINI (con Bresh & Fabri Fibra),Ernia,IO NON HO PAURA,72,2023-05-04,AR,0.785,0.179,208909,0.774,0.215,110.027,0.573
396,1896,ITA,KILOMETRI,Salmo,CVLT,67,2023-11-03,AR,0.731,0.166,145176,0.617,0.404,92.694,0.681
397,1897,ITA,Un Altro Mondo (con Tananai & Marracash),Merk & Kremont,Un Altro Mondo (con Tananai & Marracash),75,2023-06-21,AR,0.584,0.187,167647,0.913,0.0883,135.987,0.326
398,1898,ITA,Ci pensiamo domani,Angelina Mango,Ci pensiamo domani,76,2023-05-12,AR,0.857,0.0425,180184,0.666,0.0738,122.045,0.759
399,1899,ITA,X CASO (feat. Sfera Ebbasta),Geolier,IL CORAGGIO DEI BAMBINI,74,2023-01-06,AR,0.781,0.334,215422,0.464,0.0443,100.021,0.322
400,2000,CZE,Dopamin,Viktor Sheen,Planeta opic,70,2023-10-13,AR,0.815,0.228,164000,0.543,0.258,120.048,0.409
401,2001,CZE,Kr√°lovstv√≠,Viktor Sheen,Planeta opic,67,2023-10-13,AR,0.804,0.479,190588,0.518,0.115,135.963,0.451
402,2002,CZE,Saf√≠r,Calin,ROADTRIP,67,2023-02-03,AR,0.711,0.0737,149589,0.578,0.0814,146.097,0.448
403,2003,CZE,Kdes to vzal?,Viktor Sheen,Planeta opic,65,2023-10-13,AR,0.737,0.174,145036,0.453,0.162,139.022,0.393
404,2004,CZE,Re≈æim neru≈°it,Dollar Prync,Kures Drill,65,2023-08-18,AR,0.842,0.0984,186783,0.718,0.307,139.977,0.604
405,2005,CZE,WHO (feat. P T K),Viktor Sheen,Planeta opic,65,2023-10-13,AR,0.874,0.0192,171429,0.568,0.317,146.961,0.689
406,2006,CZE,greedy,Tate McRae,greedy,100,2023-09-15,AR,0.75,0.256,131872,0.733,0.0319,111.018,0.844
407,2007,CZE,Givenchy,Robin Zoot,Givenchy,63,2023-06-23,AR,0.775,0.549,181224,0.552,0.209,98.038,0.237
408,2008,CZE,Habibi,STEIN27,PRESIDENT OF SEXICO,58,2023-08-25,AR,0.706,0.0021,146939,0.65,0.249,147.015,0.749
409,2009,CZE,Strangers,Kenya Grace,Strangers,98,2023-09-01,AR,0.628,0.701,172965,0.523,0.0946,169.982,0.416
410,2010,CZE,VZH≈ÆRU CELOU NOC,P T K,SILENT KILL,61,2023-10-01,AR,0.871,0.196,180000,0.666,0.215,79.993,0.431
411,2011,CZE,Brick na brick,Hard Rico,Brick na brick,62,2023-09-06,AR,0.898,0.145,173731,0.541,0.301,134.037,0.49
412,2012,CZE,Si No Est√°s,i√±igo quintero,Si No Est√°s,99,2022-09-23,AR,0.537,0.827,184061,0.421,0.0285,98.224,0.524
413,2013,CZE,Paint The Town Red,Doja Cat,Scarlet,89,2023-09-20,AR,0.864,0.255,230480,0.556,0.194,99.974,0.726
414,2014,CZE,Daylight,David Kushner,Daylight,95,2023-04-14,AR,0.508,0.83,212954,0.43,0.0335,130.09,0.324
415,2015,CZE,Probuzen√≠,Viktor Sheen,Planeta opic,64,2023-10-13,AR,0.783,0.651,137622,0.607,0.466,142.794,0.555
416,2016,CZE,Prada,cass√∂,Prada,94,2023-08-11,AR,0.638,0.001,132359,0.717,0.0375,141.904,0.422
417,2017,CZE,D√≠vej,Calin,ROADTRIP,63,2023-02-03,AR,0.647,0.125,155493,0.551,0.205,141.913,0.29
418,2018,CZE,Another Love,Tom Odell,Long Way Down (Deluxe),92,2013-06-24,AR,0.445,0.695,244360,0.537,0.04,122.769,0.131
419,2019,CZE,STFU (feat. Calin & SIMILIVINLIFE),STEIN27,PRESIDENT OF SEXICO,62,2023-08-25,AR,0.691,0.0319,152583,0.886,0.081,151.023,0.481
420,2020,CZE,Slzy,Sofian Medjmedj,PROJECT‚éú23,50,2023-10-19,AR,0.664,0.3,150927,0.67,0.112,135.954,0.509
421,2021,CZE,Ujde to,Viktor Sheen,Planeta opic,63,2023-10-13,AR,0.822,0.238,202667,0.531,0.387,135.083,0.418
422,2022,CZE,St√≠ny,Viktor Sheen,P≈ô√≠bƒõhy a sny,62,2021-11-17,AR,0.533,0.0756,172541,0.784,0.164,92.42,0.564
423,2023,CZE,Hannah Montana,Calin,POPSTAR,63,2022-03-11,AR,0.583,0.0621,158608,0.784,0.0882,135.08,0.744
424,2024,CZE,U H≈ôi≈°tƒõ 380,Rohony,U H≈ôi≈°tƒõ 380,56,2023-10-20,AR,0.59,0.00525,150000,0.858,0.0575,159.934,0.364
425,2025,CZE,I'm Good (Blue),David Guetta,I'm Good (Blue),92,2022-08-26,AR,0.561,0.00383,175238,0.965,0.0343,128.04,0.304
426,2026,CZE,Na vƒõtvi,Viktor Sheen,Planeta opic,63,2023-10-13,AR,0.635,0.0509,140280,0.557,0.489,168.175,0.663
427,2027,CZE,King Kong,Ektor,King Kong,60,2023-06-09,AR,0.772,0.237,173589,0.847,0.0995,103.049,0.166
428,2028,CZE,Praha/V√≠de≈à,Calin,POPSTAR,60,2022-03-11,AR,0.778,0.41,162462,0.449,0.0339,130.007,0.325
429,2029,CZE,OCD (feat. Annet X),Viktor Sheen,Planeta opic,62,2023-10-13,AR,0.642,0.102,127059,0.608,0.132,170.013,0.198
430,2030,CZE,The Night We Met,Lord Huron,Strange Trails,83,2015-04-07,CA,0.545,0.969,208212,0.366,0.0378,86.997,0.1
431,2031,CZE,DTB for Life,STEIN27,PRESIDENT OF SEXICO,57,2023-08-25,AR,0.532,0.00421,151579,0.839,0.0422,170.94,0.558
432,2032,CZE,Ban√°ny (feat. Yzomandias),Viktor Sheen,Planeta opic,63,2023-10-13,AR,0.865,0.408,228000,0.461,0.396,120.014,0.538
433,2033,CZE,A≈æ na mƒõs√≠c,Viktor Sheen,ƒåernob√≠lej svƒõt,61,2019-05-16,AR,0.741,0.265,208696,0.572,0.0645,115.093,0.525
"434,2034,CZE,I Ain't Worried,OneRepublic,""I Ain‚Äôt Worried (Music From The Motion Picture """"Top Gun: Maverick"""")"",91,2022-05-13,AR,0.704,0.0826,148486,0.797,0.0475,139.994,0.825"
435,2035,CZE,Sunset,Separ,FLOWDEMORT,59,2023-03-31,AR,0.762,0.237,155520,0.805,0.386,124.977,0.271
436,2036,CZE,Vois sur ton chemin - Techno Mix,BENNETT,Vois sur ton chemin (Techno Mix),91,2023-08-04,AR,0.634,0.0908,178156,0.824,0.047,137.959,0.371
437,2037,CZE,Cik√°dy,Calin,ROADTRIP,61,2023-02-03,AR,0.848,0.0935,168923,0.537,0.0571,130.013,0.978
438,2038,CZE,Amsterdam (feat. Calin),KOJO,Late Checkout,51,2023-11-03,AR,0.762,0.126,163636,0.509,0.0668,131.945,0.549
439,2039,CZE,Pussy Power (feat. Porsche Boy),SIMILIVINLIFE,DVOJBODKAHVIEZDIƒåKA,57,2023-10-20,AR,0.9,0.0825,179557,0.737,0.0731,133.998,0.489
440,2040,CZE,Sant√©,Calin,Sant√©,61,2022-09-30,AR,0.604,0.4,114000,0.649,0.0524,120.111,0.273
441,2041,CZE,Vitej,Vadak,Vitej,58,2018-12-13,AR,0.7,0.669,140327,0.751,0.367,109.973,0.389
442,2042,CZE,Lows,Viktor Sheen,Planeta opic,62,2023-10-13,AR,0.923,0.268,176000,0.408,0.335,120.0,0.26
443,2043,CZE,S√°m proti sobƒõ,Viktor Sheen,Planeta opic,62,2023-10-13,AR,0.564,0.556,111000,0.534,0.146,159.923,0.34
444,2044,CZE,Domov m≈Øj,Viktor Sheen,Planeta opic,62,2023-10-13,AR,0.773,0.372,204179,0.374,0.361,134.05,0.553
445,2045,CZE,Can't Hold Us (feat. Ray Dalton),Macklemore & Ryan Lewis,The Heist,87,2012-10-09,AR,0.633,0.0267,258432,0.927,0.0839,146.097,0.88
"446,2046,CZE,""PR≈†√ç, PR≈†√ç"",Ben Cristovao,PROTENKONTRAST,58,2022-07-01,AR,0.675,0.257,187745,0.6,0.0667,89.982,0.476"
447,2047,CZE,M≈Øj space,Viktor Sheen,Planeta opic,60,2023-10-13,AR,0.929,0.0284,182069,0.344,0.266,115.961,0.474
448,2048,CZE,Dance The Night - From Barbie The Album,Dua Lipa,Dance The Night (From Barbie The Album),94,2023-05-25,AR,0.671,0.0207,176579,0.845,0.048,110.056,0.775
449,2049,CZE,S√≠la Starejch V√≠n,≈†KWOR,Sliby & L≈æi,59,2013-09-27,AR,0.756,0.0846,174667,0.741,0.0257,112.911,0.762
450,2200,NLD,De Leven,Kevin,De Leven,65,2023-11-02,AR,0.568,0.247,161922,0.506,0.252,114.584,0.263
451,2201,NLD,Si No Est√°s,i√±igo quintero,Si No Est√°s,99,2022-09-23,AR,0.537,0.827,184061,0.421,0.0285,98.224,0.524
452,2202,NLD,greedy,Tate McRae,greedy,100,2023-09-15,AR,0.75,0.256,131872,0.733,0.0319,111.018,0.844
453,2203,NLD,Prada,cass√∂,Prada,94,2023-08-11,AR,0.638,0.001,132359,0.717,0.0375,141.904,0.422
454,2204,NLD,Vois sur ton chemin - Techno Mix,BENNETT,Vois sur ton chemin (Techno Mix),91,2023-08-04,AR,0.634,0.0908,178156,0.824,0.047,137.959,0.371
455,2205,NLD,Strangers,Kenya Grace,Strangers,98,2023-09-01,AR,0.628,0.701,172965,0.523,0.0946,169.982,0.416
456,2206,NLD,Monster,Zo√´ Tauran,Monster,69,2023-10-27,AR,0.699,0.21,174691,0.49,0.0631,92.912,0.655
457,2207,NLD,Water,Tyla,Water,95,2023-07-28,AR,0.673,0.0856,200256,0.722,0.0755,117.187,0.519
458,2208,NLD,Lose Control,Teddy Swims,I've Tried Everything But Therapy (Part 1),80,2023-09-15,AR,0.561,0.199,210689,0.604,0.0337,159.92,0.242
459,2209,NLD,Vas-y (Ga Maar),Suzan & Freek,Vas-y (Ga Maar),73,2023-09-07,AR,0.578,0.695,186456,0.324,0.0369,157.788,0.302
460,2210,NLD,Paint The Town Red,Doja Cat,Scarlet,89,2023-09-20,AR,0.864,0.255,230480,0.556,0.194,99.974,0.726
461,2211,NLD,Wacht Op Mij,Trobi,Wacht Op Mij,67,2023-10-27,AR,0.777,0.285,137278,0.642,0.0819,99.957,0.716
462,2212,NLD,Not Fair,Niklas Dee,Not Fair,59,2023-06-30,US,0.733,0.0294,163034,0.976,0.045,144.989,0.523
463,2213,NLD,Cruel Summer,Taylor Swift,Lover,99,2019-08-23,AR,0.552,0.117,178427,0.702,0.157,169.994,0.564
464,2214,NLD,Stay (Never Leave),Kris Kross Amsterdam,Stay (Never Leave),51,2023-10-06,AR,0.678,0.0264,152139,0.723,0.0457,106.943,0.537
465,2215,NLD,Another Love,Tom Odell,Long Way Down (Deluxe),92,2013-06-24,AR,0.445,0.695,244360,0.537,0.04,122.769,0.131
466,2216,NLD,PK‚Äôs,Josylvio,PK‚Äôs,61,2023-11-02,AR,0.85,0.284,250377,0.747,0.184,139.945,0.848
467,2217,NLD,UNHEALTHY (feat. Shania Twain),Anne-Marie,UNHEALTHY (Deluxe),73,2023-07-28,AR,0.621,0.00526,149653,0.66,0.0366,119.937,0.407
468,2218,NLD,Overdrive (feat. Norma Jean Martine),Ofenbach,Overdrive (feat. Norma Jean Martine),76,2023-10-06,AR,0.611,0.00257,155905,0.757,0.03,126.963,0.279
469,2219,NLD,(It Goes Like) Nanana - Edit,Peggy Gou,(It Goes Like) Nanana,44,2023-09-29,AR,0.671,0.12,231545,0.876,0.0352,129.998,0.964
470,2220,NLD,Hartslag Van De Stad,Tino Martin,Hartslag Van De Stad,68,2023-09-28,AR,0.808,0.0919,179026,0.737,0.0346,111.983,0.619
471,2221,NLD,Desire (with Sam Smith),Calvin Harris,Desire (with Sam Smith),87,2023-07-28,AR,0.587,0.0311,179162,0.924,0.0457,140.009,0.509
472,2222,NLD,Jungle,Alok,Jungle,82,2023-09-22,AR,0.596,0.0524,175500,0.667,0.0295,140.002,0.217
473,2223,NLD,Schakelen,Djaga Djaga,Beschadigd,51,2023-11-03,AR,0.747,0.27,220666,0.627,0.4,140.777,0.594
474,2224,NLD,Loco Loco (feat. Sluwe Ollie),Alessio,Loco Loco (feat. Sluwe Ollie),70,2023-09-28,AR,0.827,0.208,165695,0.664,0.305,141.993,0.582
475,2225,NLD,Tonight,Son Mieux,Tonight,66,2023-10-12,AR,0.538,0.193,272710,0.424,0.0258,77.438,0.362
476,2226,NLD,Dance The Night - From Barbie The Album,Dua Lipa,Dance The Night (From Barbie The Album),94,2023-05-25,AR,0.671,0.0207,176579,0.845,0.048,110.056,0.775
477,2227,NLD,Nickel For Goodbye,Racoon,Nickel For Goodbye,68,2023-08-31,AR,0.694,0.122,231744,0.71,0.0386,117.049,0.697
478,2228,NLD,Overcome,Nothing But Thieves,Dead Club City,70,2023-06-30,AR,0.413,0.000938,214724,0.876,0.057,164.08,0.341
479,2229,NLD,Over De Grens,Lijpe,Over De Grens,61,2023-11-03,AR,0.728,0.912,159588,0.38,0.279,98.038,0.682
480,2230,NLD,Chemical,Post Malone,Chemical,88,2023-04-14,AR,0.498,0.00136,184013,0.897,0.045,169.902,0.373
481,2231,NLD,All I Want for Christmas Is You,Mariah Carey,Merry Christmas,86,1994-10-28,AR,0.336,0.164,241107,0.627,0.0384,150.273,0.35
482,2232,NLD,The Feeling,Lost Frequencies,The Feeling,82,2023-06-09,AR,0.615,0.404,152793,0.744,0.163,131.837,0.357
483,2233,NLD,Domino,KATNUF,Domino,71,2023-09-15,AR,0.803,0.168,147404,0.517,0.0662,104.851,0.641
484,2234,NLD,Last Christmas - Single Version,Wham!,The Singles: Echoes from the Edge of Heaven,70,2023-07-07,AR,0.733,0.212,265960,0.598,0.0278,107.732,0.935
485,2235,NLD,Engelbewaarder,Marco Schuitmaker,Engelbewaarder,70,2022-09-09,AR,0.799,0.112,196520,0.919,0.0398,130.006,0.973
486,2236,NLD,Niet Genoeg (feat. Idaly),CHO,Knock Knock 4,62,2023-10-27,AR,0.852,0.269,147117,0.575,0.29,92.958,0.709
"487,2237,NLD,""Dance For Me (1, 2, 3) - Stutter Techno"",Sonny Wern,""Dance For Me (1, 2, 3) [Stutter Techno]"",67,2023-10-06,AD,0.706,0.0505,147895,0.975,0.0651,154.993,0.319"
488,2238,NLD,Oceaan,Racoon,The Singles Collection,66,2013-03-15,CW,0.593,0.866,164757,0.313,0.0383,95.904,0.219
489,2239,NLD,One in a Million,Bebe Rexha,One in a Million,83,2023-08-04,AR,0.454,0.238,160530,0.931,0.0321,137.945,0.462
490,2240,NLD,Daylight,David Kushner,Daylight,95,2023-04-14,AR,0.508,0.83,212954,0.43,0.0335,130.09,0.324
491,2241,NLD,0800 HEAVEN,Nathan Dawe,0800 HEAVEN,47,2023-06-09,CA,0.643,0.188,159316,0.833,0.1,139.941,0.216
492,2242,NLD,This World Is Our Home,Douwe Bob,This World Is Our Home,66,2023-06-08,AR,0.575,0.0851,173732,0.75,0.0309,95.989,0.893
493,2243,NLD,City Boys,Burna Boy,I Told Them...,84,2023-08-24,AR,0.808,0.0851,153347,0.634,0.172,100.03,0.569
494,2244,NLD,Fast Car,Luke Combs,Gettin' Old,89,2023-03-24,AR,0.712,0.186,265493,0.603,0.0262,97.994,0.67
495,2245,NLD,Stiekem,Maan,Leven,66,2022-11-04,AR,0.748,0.0156,203438,0.579,0.0323,127.974,0.625
496,2246,NLD,7K Op Je Feestje,Noano,7K op je feestje,70,2023-09-14,AR,0.863,0.00749,130485,0.535,0.237,103.051,0.391
497,2247,NLD,RUNAWAY,OneRepublic,RUNAWAY,82,2023-05-26,AR,0.624,0.0336,143265,0.684,0.0513,163.033,0.75
498,2248,NLD,Is It Over Now? (Taylor's Version) (From The Vault),Taylor Swift,1989 (Taylor's Version),93,2023-10-26,AR,0.596,0.0504,229478,0.658,0.036,100.012,0.176
499,2249,NLD,Speciaal,Frenna,Francis,57,2018-11-23,AR,0.717,0.37,211273,0.537,0.158,195.782,0.569
